{"cameraMode":{"drawMode":0,"name":"Shaded","section":"Shading Mode"},"sceneLighting":false,"audioPlay":false,"sceneViewState":{"showFog":true,"showMaterialUpdate":true,"showSkybox":false,"showFlares":true,"showImageEffects":true,"showParticleSystems":true},"in2DMode":false,"pivot":{"x":1.2997360229492188,"y":1.6576497554779053,"z":0.9931093454360962},"rotation":{"x":0.13338302075862885,"y":-0.020503338426351548,"z":0.0027567376382648947,"w":0.9908574819564819},"size":22.0,"orthographic":false}