{"cameraMode":{"drawMode":0,"name":"Shaded","section":"Shading Mode"},"sceneLighting":true,"audioPlay":false,"sceneViewState":{"showFog":true,"showMaterialUpdate":true,"showSkybox":true,"showFlares":true,"showImageEffects":true,"showParticleSystems":true},"in2DMode":false,"pivot":{"x":-2.8356261253356935,"y":-2.629728317260742,"z":-7.596429824829102},"rotation":{"x":-0.10301613807678223,"y":0.44993966817855837,"z":-0.052342548966407779,"w":-0.88555508852005},"size":5.551297187805176,"orthographic":false}