{"cameraMode":{"drawMode":0,"name":"Shaded","section":"Shading Mode"},"sceneLighting":true,"audioPlay":false,"sceneViewState":{"showFog":true,"showMaterialUpdate":true,"showSkybox":true,"showFlares":true,"showImageEffects":true,"showParticleSystems":true},"in2DMode":false,"pivot":{"x":57.17731857299805,"y":-27.867708206176759,"z":33.8123779296875},"rotation":{"x":0.08362562209367752,"y":0.6855953931808472,"z":-0.08106221258640289,"w":0.7187938690185547},"size":111.37250518798828,"orthographic":false}