{"cameraMode":{"drawMode":0,"name":"Shaded","section":"Shading Mode"},"sceneLighting":true,"audioPlay":false,"sceneViewState":{"showFog":true,"showMaterialUpdate":true,"showSkybox":true,"showFlares":true,"showImageEffects":true,"showParticleSystems":true},"in2DMode":false,"pivot":{"x":-9.069049835205079,"y":-8.210701942443848,"z":18.392276763916017},"rotation":{"x":-0.13126611709594727,"y":-0.09886513650417328,"z":0.013157735578715802,"w":-0.9863181114196777},"size":69.96483612060547,"orthographic":false}