{"cameraMode":{"drawMode":0,"name":"Shaded","section":"Shading Mode"},"sceneLighting":true,"audioPlay":false,"sceneViewState":{"showFog":true,"showMaterialUpdate":true,"showSkybox":true,"showFlares":true,"showImageEffects":true,"showParticleSystems":true},"in2DMode":false,"pivot":{"x":-17.202255249023439,"y":-4.711803436279297,"z":25.582395553588868},"rotation":{"x":0.10130006819963455,"y":-0.46533411741256716,"z":0.0537080317735672,"w":0.8776784539222717},"size":44.07709503173828,"orthographic":false}