{"cameraMode":{"drawMode":0,"name":"Shaded","section":"Shading Mode"},"sceneLighting":true,"audioPlay":false,"sceneViewState":{"showFog":true,"showMaterialUpdate":true,"showSkybox":true,"showFlares":true,"showImageEffects":true,"showParticleSystems":true},"in2DMode":false,"pivot":{"x":57.356204986572269,"y":37.683563232421878,"z":7.650045871734619},"rotation":{"x":0.04606957361102104,"y":-0.07306133210659027,"z":0.0033785265404731037,"w":0.9962577223777771},"size":276.0675354003906,"orthographic":false}