{"cameraMode":{"drawMode":0,"name":"Shaded","section":"Shading Mode"},"sceneLighting":true,"audioPlay":false,"sceneViewState":{"showFog":true,"showMaterialUpdate":true,"showSkybox":true,"showFlares":true,"showImageEffects":true,"showParticleSystems":true},"in2DMode":false,"pivot":{"x":-3.9717440605163576,"y":2.1314611434936525,"z":-4.690536022186279},"rotation":{"x":-0.15581876039505006,"y":0.6271394491195679,"z":-0.1299438774585724,"w":-0.7520182728767395},"size":19.79729461669922,"orthographic":false}